Status_Ts,Active_Errors_Count,Active_Errors_Details_JSON
2025-06-02T17:22:11.503850+00:00,0,[]
2025-06-05T21:39:06.503850+00:00,1,"[{'Id': 'f00310b6-1cba-44b5-856c-acf0d2b4015d', 'CreatedAtTs': '2025-06-05T21:39:06.503850+00:00', 'Type': 'bug'}]"
2025-06-05T22:52:53.503850+00:00,0,[]
2025-06-09T23:26:19.503850+00:00,1,"[{'Id': 'd13d85a2-5e54-41f5-b176-1602054eb96c', 'CreatedAtTs': '2025-06-09T23:26:19.503850+00:00', 'Type': 'bad_usage'}]"
2025-06-10T00:03:55.503850+00:00,0,[]
2025-06-10T04:50:46.503850+00:00,1,"[{'Id': '077e66da-11bb-4121-bc4d-6d7267fdf1cd', 'CreatedAtTs': '2025-06-10T04:50:46.503850+00:00', 'Type': 'bug'}]"
2025-06-10T06:16:21.503850+00:00,0,[]
2025-06-14T04:02:14.503850+00:00,1,"[{'Id': '226154d9-515c-4b01-b03d-0d246d015901', 'CreatedAtTs': '2025-06-14T04:02:14.503850+00:00', 'Type': 'bug'}]"
2025-06-14T04:21:55.503850+00:00,0,[]
2025-06-14T23:11:07.503850+00:00,1,"[{'Id': 'c2c9076f-279e-4cef-bb85-c346803e3eb7', 'CreatedAtTs': '2025-06-14T23:11:07.503850+00:00', 'Type': 'bug'}]"
2025-06-14T23:51:07.503850+00:00,0,[]
2025-06-17T12:52:08.503850+00:00,1,"[{'Id': 'cb272fc9-bd12-4f6c-baa8-eaf47b784004', 'CreatedAtTs': '2025-06-17T12:52:08.503850+00:00', 'Type': 'hardware'}]"
2025-06-17T13:37:21.503850+00:00,0,[]
2025-06-24T16:05:47.503850+00:00,1,"[{'Id': 'e17dbeab-f2bd-469e-9b54-150eb78187c9', 'CreatedAtTs': '2025-06-24T16:05:47.503850+00:00', 'Type': 'bad_usage'}]"
2025-06-24T16:08:24.503850+00:00,0,[]
2025-06-27T00:01:05.503850+00:00,1,"[{'Id': 'cdf71829-8454-468f-8366-8d9c1db55140', 'CreatedAtTs': '2025-06-27T00:01:05.503850+00:00', 'Type': 'hardware'}]"
2025-06-27T00:43:31.503850+00:00,0,[]
2025-06-28T18:49:25.503850+00:00,1,"[{'Id': '14e0da0c-9c94-448c-91d1-439d976698bd', 'CreatedAtTs': '2025-06-28T18:49:25.503850+00:00', 'Type': 'hardware'}]"
2025-06-28T19:54:57.503850+00:00,0,[]
2025-07-02T00:30:42.503850+00:00,1,"[{'Id': '336f09b2-fb92-45fe-bd07-18dad8fa6afe', 'CreatedAtTs': '2025-07-02T00:30:42.503850+00:00', 'Type': 'bug'}]"
2025-07-02T01:16:51.503850+00:00,2,"[{'Id': '336f09b2-fb92-45fe-bd07-18dad8fa6afe', 'CreatedAtTs': '2025-07-02T00:30:42.503850+00:00', 'Type': 'bug'}, {'Id': '5cd9dd03-461f-42c6-ad88-c8481ef5b294', 'CreatedAtTs': '2025-07-02T01:16:51.503850+00:00', 'Type': 'hardware'}]"
2025-07-02T02:02:50.503850+00:00,1,"[{'Id': '5cd9dd03-461f-42c6-ad88-c8481ef5b294', 'CreatedAtTs': '2025-07-02T01:16:51.503850+00:00', 'Type': 'hardware'}]"
2025-07-02T02:19:25.503850+00:00,0,[]
2025-07-04T03:02:47.503850+00:00,1,"[{'Id': 'ff0e3bae-205b-4707-9103-a24fdd8b8bf6', 'CreatedAtTs': '2025-07-04T03:02:47.503850+00:00', 'Type': 'bug'}]"
2025-07-04T04:45:32.503850+00:00,0,[]
2025-07-06T05:34:49.503850+00:00,1,"[{'Id': '24293f48-79a3-426d-9b7f-712e73c1414b', 'CreatedAtTs': '2025-07-06T05:34:49.503850+00:00', 'Type': 'bug'}]"
2025-07-06T07:29:54.503850+00:00,0,[]
2025-07-08T14:51:37.503850+00:00,1,"[{'Id': 'ca814334-e0b5-4038-b86a-c69f70f6473c', 'CreatedAtTs': '2025-07-08T14:51:37.503850+00:00', 'Type': 'hardware'}]"
2025-07-08T15:26:56.503850+00:00,0,[]
2025-07-12T00:52:57.503850+00:00,1,"[{'Id': 'a940ffc7-1ab2-4a67-af4f-4a24877b7077', 'CreatedAtTs': '2025-07-12T00:52:57.503850+00:00', 'Type': 'hardware'}]"
2025-07-12T01:21:59.503850+00:00,2,"[{'Id': 'a940ffc7-1ab2-4a67-af4f-4a24877b7077', 'CreatedAtTs': '2025-07-12T00:52:57.503850+00:00', 'Type': 'hardware'}, {'Id': '3bfa9991-bedc-4657-90d4-6cfe9309a469', 'CreatedAtTs': '2025-07-12T01:21:59.503850+00:00', 'Type': 'bug'}]"
2025-07-12T02:59:49.503850+00:00,1,"[{'Id': 'a940ffc7-1ab2-4a67-af4f-4a24877b7077', 'CreatedAtTs': '2025-07-12T00:52:57.503850+00:00', 'Type': 'hardware'}]"
2025-07-12T04:49:10.503850+00:00,0,[]
2025-07-13T21:38:06.503850+00:00,1,"[{'Id': 'bfed9979-a7a8-4802-a09b-ee27c3ae020c', 'CreatedAtTs': '2025-07-13T21:38:06.503850+00:00', 'Type': 'hardware'}]"
2025-07-13T22:16:33.503850+00:00,0,[]
2025-07-21T08:11:30.503850+00:00,1,"[{'Id': 'b2b0d686-b802-4a99-87c3-26a2c9e7ab39', 'CreatedAtTs': '2025-07-21T08:11:30.503850+00:00', 'Type': 'bug'}]"
2025-07-21T08:39:11.503850+00:00,0,[]
2025-08-01T03:29:26.503850+00:00,1,"[{'Id': 'b53ad23e-85dc-4ba8-bae8-bc50c85b7709', 'CreatedAtTs': '2025-08-01T03:29:26.503850+00:00', 'Type': 'hardware'}]"
2025-08-01T04:15:22.503850+00:00,0,[]
2025-08-11T12:21:37.503850+00:00,1,"[{'Id': 'ecdb00d8-1c2b-4bc2-8fe6-71f7650e6205', 'CreatedAtTs': '2025-08-11T12:21:37.503850+00:00', 'Type': 'bad_usage'}]"
2025-08-11T13:22:09.503850+00:00,0,[]
2025-08-14T12:38:39.503850+00:00,1,"[{'Id': '78822db3-5ba1-4348-bace-28e9dc398035', 'CreatedAtTs': '2025-08-14T12:38:39.503850+00:00', 'Type': 'bug'}]"
2025-08-14T14:24:25.503850+00:00,0,[]
2025-08-16T09:58:22.503850+00:00,1,"[{'Id': '9ed05fe5-0ad8-49b4-8fa6-67500de6d39a', 'CreatedAtTs': '2025-08-16T09:58:22.503850+00:00', 'Type': 'bug'}]"
2025-08-16T11:28:10.503850+00:00,0,[]
2025-09-01T02:51:50.503850+00:00,1,"[{'Id': 'c434e780-6cf4-49a0-9b19-243868a2941c', 'CreatedAtTs': '2025-09-01T02:51:50.503850+00:00', 'Type': 'bad_usage'}]"
2025-09-01T03:22:12.503850+00:00,0,[]
2025-09-05T18:25:49.503850+00:00,1,"[{'Id': 'bfce99d5-7041-439e-872d-cd16d9d9e245', 'CreatedAtTs': '2025-09-05T18:25:49.503850+00:00', 'Type': 'bug'}]"
2025-09-05T18:50:10.503850+00:00,0,[]
2025-09-06T00:42:35.503850+00:00,1,"[{'Id': '57a0f440-4e7f-421f-af16-6afd73147fe8', 'CreatedAtTs': '2025-09-06T00:42:35.503850+00:00', 'Type': 'bug'}]"
2025-09-06T01:49:39.503850+00:00,0,[]
2025-09-13T21:52:13.503850+00:00,1,"[{'Id': 'e337ab93-5ba7-48ff-89f6-1faa0305d44e', 'CreatedAtTs': '2025-09-13T21:52:13.503850+00:00', 'Type': 'bad_usage'}]"
2025-09-13T22:45:45.503850+00:00,0,[]
2025-09-21T22:38:50.503850+00:00,1,"[{'Id': '26c7a19b-a4a3-49d4-b5fe-5b8d9dabfce2', 'CreatedAtTs': '2025-09-21T22:38:50.503850+00:00', 'Type': 'bug'}]"
2025-09-21T22:53:47.503850+00:00,0,[]
2025-09-29T14:23:48.503850+00:00,1,"[{'Id': '933aa4e0-a6fb-4130-b257-010a74f01b0c', 'CreatedAtTs': '2025-09-29T14:23:48.503850+00:00', 'Type': 'bug'}]"
2025-09-29T15:54:17.503850+00:00,0,[]
2025-10-06T11:55:12.503850+00:00,1,"[{'Id': 'aa7f0834-8292-4338-a958-e7f6bad4b198', 'CreatedAtTs': '2025-10-06T11:55:12.503850+00:00', 'Type': 'hardware'}]"
2025-10-06T12:09:32.503850+00:00,0,[]
2025-10-14T12:26:57.503850+00:00,1,"[{'Id': '365aceb3-d1eb-4a57-a0d6-3fad061f5cfd', 'CreatedAtTs': '2025-10-14T12:26:57.503850+00:00', 'Type': 'hardware'}]"
2025-10-14T12:31:58.503850+00:00,0,[]
2025-10-15T09:26:48.503850+00:00,1,"[{'Id': '49b620fc-96b1-4f8a-b943-1ee289210e9c', 'CreatedAtTs': '2025-10-15T09:26:48.503850+00:00', 'Type': 'bug'}]"
2025-10-15T09:31:28.503850+00:00,0,[]
2025-10-19T13:27:02.503850+00:00,1,"[{'Id': '51959912-9b78-4197-b656-82559088c336', 'CreatedAtTs': '2025-10-19T13:27:02.503850+00:00', 'Type': 'bad_usage'}]"
2025-10-19T14:14:18.503850+00:00,0,[]
2025-11-01T06:06:54.503850+00:00,1,"[{'Id': 'e0433a7a-3e72-4733-879c-6d3155f884df', 'CreatedAtTs': '2025-11-01T06:06:54.503850+00:00', 'Type': 'bug'}]"
2025-11-01T07:49:26.503850+00:00,0,[]
2025-11-07T08:00:49.503850+00:00,1,"[{'Id': 'ca067731-5afb-469a-b4be-0e90e9ce4779', 'CreatedAtTs': '2025-11-07T08:00:49.503850+00:00', 'Type': 'bug'}]"
2025-11-07T09:33:46.503850+00:00,0,[]
2025-11-25T14:06:36.503850+00:00,1,"[{'Id': '262aa9b6-3130-4293-aadb-ec3459bea440', 'CreatedAtTs': '2025-11-25T14:06:36.503850+00:00', 'Type': 'bad_usage'}]"
2025-11-25T16:01:51.503850+00:00,2,"[{'Id': '262aa9b6-3130-4293-aadb-ec3459bea440', 'CreatedAtTs': '2025-11-25T14:06:36.503850+00:00', 'Type': 'bad_usage'}, {'Id': '73dd5431-d9f6-48e9-b4e2-09fb3c3023da', 'CreatedAtTs': '2025-11-25T16:01:51.503850+00:00', 'Type': 'bug'}]"
2025-11-25T16:35:07.503850+00:00,1,"[{'Id': '262aa9b6-3130-4293-aadb-ec3459bea440', 'CreatedAtTs': '2025-11-25T14:06:36.503850+00:00', 'Type': 'bad_usage'}]"
2025-11-25T17:43:21.503850+00:00,0,[]
2025-11-29T13:59:51.503850+00:00,1,"[{'Id': '87603358-b579-4825-a1a3-09d456320ad2', 'CreatedAtTs': '2025-11-29T13:59:51.503850+00:00', 'Type': 'bug'}]"
2025-11-29T14:00:53.503850+00:00,2,"[{'Id': '87603358-b579-4825-a1a3-09d456320ad2', 'CreatedAtTs': '2025-11-29T13:59:51.503850+00:00', 'Type': 'bug'}, {'Id': 'beed3436-9105-4b8c-8f7e-e64910cf1cc0', 'CreatedAtTs': '2025-11-29T14:00:53.503850+00:00', 'Type': 'bad_usage'}]"
2025-11-29T14:15:42.503850+00:00,1,"[{'Id': '87603358-b579-4825-a1a3-09d456320ad2', 'CreatedAtTs': '2025-11-29T13:59:51.503850+00:00', 'Type': 'bug'}]"
2025-11-29T15:06:14.503850+00:00,0,[]
2025-11-30T00:16:21.503850+00:00,1,"[{'Id': 'd3ab990a-15fb-4e29-b2a8-945b3cabb684', 'CreatedAtTs': '2025-11-30T00:16:21.503850+00:00', 'Type': 'bad_usage'}]"
2025-11-30T01:52:56.503850+00:00,0,[]
2025-12-03T15:21:24.503850+00:00,1,"[{'Id': '6dabceb5-168e-4a3b-b26c-fcff57186d2f', 'CreatedAtTs': '2025-12-03T15:21:24.503850+00:00', 'Type': 'bug'}]"
2025-12-03T16:26:50.503850+00:00,0,[]
2025-12-11T05:30:31.503850+00:00,1,"[{'Id': 'a129bbd8-8310-4072-9c74-973add60483f', 'CreatedAtTs': '2025-12-11T05:30:31.503850+00:00', 'Type': 'hardware'}]"
2025-12-11T07:00:15.503850+00:00,0,[]
2025-12-14T04:22:16.503850+00:00,1,"[{'Id': 'a0668f2a-35c5-4df9-b5e5-afca4347c82b', 'CreatedAtTs': '2025-12-14T04:22:16.503850+00:00', 'Type': 'hardware'}]"
2025-12-14T06:18:03.503850+00:00,0,[]
2025-12-19T09:51:19.503850+00:00,1,"[{'Id': '6e053924-014f-423a-9ea5-1ce8317cb2ea', 'CreatedAtTs': '2025-12-19T09:51:19.503850+00:00', 'Type': 'hardware'}]"
2025-12-19T10:14:24.503850+00:00,2,"[{'Id': '6e053924-014f-423a-9ea5-1ce8317cb2ea', 'CreatedAtTs': '2025-12-19T09:51:19.503850+00:00', 'Type': 'hardware'}, {'Id': '747a3dab-2c5b-43ae-8577-4b1348923192', 'CreatedAtTs': '2025-12-19T10:14:24.503850+00:00', 'Type': 'bug'}]"
2025-12-19T11:02:03.503850+00:00,1,"[{'Id': '747a3dab-2c5b-43ae-8577-4b1348923192', 'CreatedAtTs': '2025-12-19T10:14:24.503850+00:00', 'Type': 'bug'}]"
2025-12-19T12:07:37.503850+00:00,0,[]
2025-12-22T13:05:32.503850+00:00,1,"[{'Id': '58dca895-49bc-47ee-9af4-81b35e774dfd', 'CreatedAtTs': '2025-12-22T13:05:32.503850+00:00', 'Type': 'hardware'}]"
2025-12-22T14:01:12.503850+00:00,0,[]
2025-12-24T22:45:07.503850+00:00,1,"[{'Id': 'd5f3a1ea-979e-4b5a-b6ea-f5977af7aa6b', 'CreatedAtTs': '2025-12-24T22:45:07.503850+00:00', 'Type': 'hardware'}]"
2025-12-24T23:19:47.503850+00:00,2,"[{'Id': 'd5f3a1ea-979e-4b5a-b6ea-f5977af7aa6b', 'CreatedAtTs': '2025-12-24T22:45:07.503850+00:00', 'Type': 'hardware'}, {'Id': 'cd20af6d-a77a-44ad-bb60-10174b5dd80b', 'CreatedAtTs': '2025-12-24T23:19:47.503850+00:00', 'Type': 'bad_usage'}]"
2025-12-25T00:01:45.503850+00:00,1,"[{'Id': 'cd20af6d-a77a-44ad-bb60-10174b5dd80b', 'CreatedAtTs': '2025-12-24T23:19:47.503850+00:00', 'Type': 'bad_usage'}]"
2025-12-25T00:56:26.503850+00:00,0,[]
2025-12-30T10:15:45.503850+00:00,1,"[{'Id': 'f2c25ae4-b3a4-4d0d-b2e7-07668e0a8cda', 'CreatedAtTs': '2025-12-30T10:15:45.503850+00:00', 'Type': 'bad_usage'}]"
2025-12-30T11:42:04.503850+00:00,2,"[{'Id': 'f2c25ae4-b3a4-4d0d-b2e7-07668e0a8cda', 'CreatedAtTs': '2025-12-30T10:15:45.503850+00:00', 'Type': 'bad_usage'}, {'Id': '05c8f5bb-607d-4298-adad-6bbb44e028ab', 'CreatedAtTs': '2025-12-30T11:42:04.503850+00:00', 'Type': 'bug'}]"
2025-12-30T13:22:30.503850+00:00,1,"[{'Id': 'f2c25ae4-b3a4-4d0d-b2e7-07668e0a8cda', 'CreatedAtTs': '2025-12-30T10:15:45.503850+00:00', 'Type': 'bad_usage'}]"
2025-12-30T14:34:35.503850+00:00,0,[]
2026-01-02T06:45:57.503850+00:00,1,"[{'Id': '6d42ea4a-5978-43af-8a9a-b067778cdb92', 'CreatedAtTs': '2026-01-02T06:45:57.503850+00:00', 'Type': 'bug'}]"
2026-01-02T07:45:05.503850+00:00,0,[]
2026-01-03T01:37:00.503850+00:00,1,"[{'Id': '2f42d848-8cbd-4634-84e8-cf8086c04239', 'CreatedAtTs': '2026-01-03T01:37:00.503850+00:00', 'Type': 'bug'}]"
2026-01-03T02:52:49.503850+00:00,0,[]
2026-01-03T17:52:50.503850+00:00,1,"[{'Id': '635a48d0-7b82-47f8-93cf-9bf7fa962c2e', 'CreatedAtTs': '2026-01-03T17:52:50.503850+00:00', 'Type': 'hardware'}]"
2026-01-03T19:47:28.503850+00:00,0,[]
2026-01-05T10:36:54.503850+00:00,1,"[{'Id': 'a7715ffe-8eb5-4a4e-bd47-2d152c2b23a3', 'CreatedAtTs': '2026-01-05T10:36:54.503850+00:00', 'Type': 'bad_usage'}]"
2026-01-05T10:56:15.503850+00:00,0,[]
2026-01-14T05:26:30.503850+00:00,1,"[{'Id': 'a0e46328-e974-4922-a436-d4891eef52f8', 'CreatedAtTs': '2026-01-14T05:26:30.503850+00:00', 'Type': 'bad_usage'}]"
2026-01-14T06:26:07.503850+00:00,0,[]
2026-01-18T19:50:37.503850+00:00,1,"[{'Id': '04f2a3c7-bf52-4397-895b-0b899ed3ac04', 'CreatedAtTs': '2026-01-18T19:50:37.503850+00:00', 'Type': 'bug'}]"
2026-01-18T20:53:27.503850+00:00,0,[]
2026-01-21T23:26:42.503850+00:00,1,"[{'Id': '2763b574-b5e7-48a2-9316-469468cd31e5', 'CreatedAtTs': '2026-01-21T23:26:42.503850+00:00', 'Type': 'bad_usage'}]"
2026-01-21T23:38:48.503850+00:00,0,[]
2026-01-30T19:35:42.503850+00:00,1,"[{'Id': 'f79cf925-855a-4ab0-b06f-7d253921bb25', 'CreatedAtTs': '2026-01-30T19:35:42.503850+00:00', 'Type': 'bad_usage'}]"
2026-01-30T20:20:31.503850+00:00,0,[]
2026-01-31T08:34:56.503850+00:00,1,"[{'Id': '23c796aa-89f5-433d-8331-dafbaa574cf6', 'CreatedAtTs': '2026-01-31T08:34:56.503850+00:00', 'Type': 'bad_usage'}]"
2026-01-31T09:29:55.503850+00:00,0,[]
2026-02-04T08:02:43.503850+00:00,1,"[{'Id': 'e7953359-1867-4b46-b1d1-78b43546f0ad', 'CreatedAtTs': '2026-02-04T08:02:43.503850+00:00', 'Type': 'hardware'}]"
2026-02-04T08:45:13.503850+00:00,0,[]
2026-02-04T09:56:00.503850+00:00,1,"[{'Id': 'bea32401-2c82-476a-b74c-847e6ab14766', 'CreatedAtTs': '2026-02-04T09:56:00.503850+00:00', 'Type': 'bad_usage'}]"
2026-02-04T10:42:01.503850+00:00,0,[]
2026-02-06T15:00:27.503850+00:00,1,"[{'Id': '0e1a3123-a27d-47ee-b753-f8593953d048', 'CreatedAtTs': '2026-02-06T15:00:27.503850+00:00', 'Type': 'bug'}]"
2026-02-06T16:19:36.503850+00:00,0,[]
2026-02-07T22:51:22.503850+00:00,1,"[{'Id': 'bbea68d7-5fb4-455d-8fc0-2a807adc8e69', 'CreatedAtTs': '2026-02-07T22:51:22.503850+00:00', 'Type': 'bug'}]"
2026-02-08T00:33:50.503850+00:00,0,[]
2026-02-08T09:49:28.503850+00:00,1,"[{'Id': 'b34d03b0-0fc8-46af-bc95-e91ee29a0d88', 'CreatedAtTs': '2026-02-08T09:49:28.503850+00:00', 'Type': 'bug'}]"
2026-02-08T10:33:41.503850+00:00,0,[]
2026-02-10T11:40:43.503850+00:00,1,"[{'Id': '4e19a2f4-a2cc-457a-ad42-de968c43fa3d', 'CreatedAtTs': '2026-02-10T11:40:43.503850+00:00', 'Type': 'bad_usage'}]"
2026-02-10T11:57:20.503850+00:00,0,[]
2026-02-11T03:34:21.503850+00:00,1,"[{'Id': 'b922b13b-2773-41ad-b62e-57e9672fb406', 'CreatedAtTs': '2026-02-11T03:34:21.503850+00:00', 'Type': 'bad_usage'}]"
2026-02-11T04:41:36.503850+00:00,0,[]
2026-02-12T06:38:19.503850+00:00,1,"[{'Id': '2635035b-245e-4d04-84f4-716845f584c1', 'CreatedAtTs': '2026-02-12T06:38:19.503850+00:00', 'Type': 'bad_usage'}]"
2026-02-12T07:32:40.503850+00:00,0,[]
2026-02-15T03:51:44.503850+00:00,1,"[{'Id': '769c2713-e125-4bcf-b260-cb6562b8367d', 'CreatedAtTs': '2026-02-15T03:51:44.503850+00:00', 'Type': 'bad_usage'}]"
2026-02-15T05:45:13.503850+00:00,0,[]
2026-02-17T15:32:15.503850+00:00,1,"[{'Id': '93962882-fc22-4160-9986-c8883e97ee91', 'CreatedAtTs': '2026-02-17T15:32:15.503850+00:00', 'Type': 'bad_usage'}]"
2026-02-17T17:31:01.503850+00:00,0,[]
2026-02-18T01:05:16.503850+00:00,1,"[{'Id': 'b0bbc601-7280-4f22-9ab8-07a9c65ea465', 'CreatedAtTs': '2026-02-18T01:05:16.503850+00:00', 'Type': 'bug'}]"
2026-02-18T02:45:01.503850+00:00,0,[]
2026-02-26T22:05:04.503850+00:00,1,"[{'Id': 'de3faff5-3280-4e7b-92dd-f2da86e1dff0', 'CreatedAtTs': '2026-02-26T22:05:04.503850+00:00', 'Type': 'hardware'}]"
2026-02-26T22:36:45.503850+00:00,0,[]
2026-02-27T10:53:20.503850+00:00,1,"[{'Id': 'f88a25df-22bb-4bac-b0c3-0c60c5d17835', 'CreatedAtTs': '2026-02-27T10:53:20.503850+00:00', 'Type': 'bug'}]"
2026-02-27T11:59:19.503850+00:00,2,"[{'Id': 'f88a25df-22bb-4bac-b0c3-0c60c5d17835', 'CreatedAtTs': '2026-02-27T10:53:20.503850+00:00', 'Type': 'bug'}, {'Id': '416a09a9-bdb5-4752-903c-e58a8390bde7', 'CreatedAtTs': '2026-02-27T11:59:19.503850+00:00', 'Type': 'bug'}]"
2026-02-27T13:28:55.503850+00:00,3,"[{'Id': 'f88a25df-22bb-4bac-b0c3-0c60c5d17835', 'CreatedAtTs': '2026-02-27T10:53:20.503850+00:00', 'Type': 'bug'}, {'Id': '416a09a9-bdb5-4752-903c-e58a8390bde7', 'CreatedAtTs': '2026-02-27T11:59:19.503850+00:00', 'Type': 'bug'}, {'Id': '556e764a-a0ff-47b4-a713-7ae38938b808', 'CreatedAtTs': '2026-02-27T13:28:55.503850+00:00', 'Type': 'hardware'}]"
2026-02-27T13:43:04.503850+00:00,2,"[{'Id': 'f88a25df-22bb-4bac-b0c3-0c60c5d17835', 'CreatedAtTs': '2026-02-27T10:53:20.503850+00:00', 'Type': 'bug'}, {'Id': '556e764a-a0ff-47b4-a713-7ae38938b808', 'CreatedAtTs': '2026-02-27T13:28:55.503850+00:00', 'Type': 'hardware'}]"
2026-02-27T15:34:09.503850+00:00,1,"[{'Id': 'f88a25df-22bb-4bac-b0c3-0c60c5d17835', 'CreatedAtTs': '2026-02-27T10:53:20.503850+00:00', 'Type': 'bug'}]"
2026-02-27T16:14:52.503850+00:00,0,[]
2026-03-07T10:25:37.503850+00:00,1,"[{'Id': '34ddfd53-83fe-4cee-95dd-beaeaaf57485', 'CreatedAtTs': '2026-03-07T10:25:37.503850+00:00', 'Type': 'hardware'}]"
2026-03-07T10:52:45.503850+00:00,0,[]
2026-03-09T02:40:22.503850+00:00,1,"[{'Id': 'df2d00cc-984e-47df-ac48-e55dab00e969', 'CreatedAtTs': '2026-03-09T02:40:22.503850+00:00', 'Type': 'bad_usage'}]"
2026-03-09T03:06:52.503850+00:00,0,[]
2026-03-12T01:51:09.503850+00:00,1,"[{'Id': '60fa0546-d6ae-4bc5-8930-9c4e5e87e89e', 'CreatedAtTs': '2026-03-12T01:51:09.503850+00:00', 'Type': 'bug'}]"
2026-03-12T01:52:25.503850+00:00,0,[]
2026-03-13T02:33:29.503850+00:00,1,"[{'Id': 'f26136bf-7946-4137-815f-e48134d87eb8', 'CreatedAtTs': '2026-03-13T02:33:29.503850+00:00', 'Type': 'bug'}]"
2026-03-13T03:26:12.503850+00:00,0,[]
2026-03-13T07:56:48.503850+00:00,1,"[{'Id': 'fcc51d59-5ef3-470f-83d5-89aff87fe809', 'CreatedAtTs': '2026-03-13T07:56:48.503850+00:00', 'Type': 'bug'}]"
2026-03-13T09:33:20.503850+00:00,0,[]
2026-03-15T11:25:46.503850+00:00,1,"[{'Id': '48e32369-8ae6-42d2-a0f9-efb116a38d82', 'CreatedAtTs': '2026-03-15T11:25:46.503850+00:00', 'Type': 'bad_usage'}]"
2026-03-15T12:39:50.503850+00:00,0,[]
2026-03-23T08:39:59.503850+00:00,1,"[{'Id': '3e3b7202-deed-4beb-a73f-dc9cc01de9aa', 'CreatedAtTs': '2026-03-23T08:39:59.503850+00:00', 'Type': 'bug'}]"
2026-03-23T09:12:36.503850+00:00,0,[]
2026-04-02T10:42:11.503850+00:00,1,"[{'Id': 'c4a250bc-7b6d-4b87-8819-671df1e3c609', 'CreatedAtTs': '2026-04-02T10:42:11.503850+00:00', 'Type': 'hardware'}]"
2026-04-02T10:43:55.503850+00:00,0,[]
2026-04-03T02:58:26.503850+00:00,1,"[{'Id': 'ebdc8f34-1448-4f2f-b2b8-26e4bd28f4b0', 'CreatedAtTs': '2026-04-03T02:58:26.503850+00:00', 'Type': 'bug'}]"
2026-04-03T04:35:26.503850+00:00,0,[]
2026-04-03T23:48:54.503850+00:00,1,"[{'Id': 'e3f8962e-89ef-4699-b863-abb120a7f6dd', 'CreatedAtTs': '2026-04-03T23:48:54.503850+00:00', 'Type': 'bug'}]"
2026-04-04T00:46:10.503850+00:00,0,[]
2026-04-12T12:51:13.503850+00:00,1,"[{'Id': 'fdc73833-3346-420e-b27f-8e54973a95e2', 'CreatedAtTs': '2026-04-12T12:51:13.503850+00:00', 'Type': 'hardware'}]"
2026-04-12T14:38:22.503850+00:00,0,[]
2026-04-12T16:31:39.503850+00:00,1,"[{'Id': 'fbbaeae6-6c34-4083-9b79-03b2a4369b51', 'CreatedAtTs': '2026-04-12T16:31:39.503850+00:00', 'Type': 'bug'}]"
2026-04-12T16:39:23.503850+00:00,0,[]
2026-04-22T00:42:54.503850+00:00,1,"[{'Id': 'e5a2ef9b-abe4-4f46-bce5-aa6c40a4a775', 'CreatedAtTs': '2026-04-22T00:42:54.503850+00:00', 'Type': 'hardware'}]"
2026-04-22T01:16:46.503850+00:00,0,[]
2026-04-27T02:12:12.503850+00:00,1,"[{'Id': '6477cd74-f3ea-4c8d-ab80-7de379ed2df9', 'CreatedAtTs': '2026-04-27T02:12:12.503850+00:00', 'Type': 'bug'}]"
2026-04-27T02:27:14.503850+00:00,0,[]
2026-05-12T15:02:17.503850+00:00,1,"[{'Id': 'a840e309-8d0f-420d-afe2-1b9208ca7e46', 'CreatedAtTs': '2026-05-12T15:02:17.503850+00:00', 'Type': 'bad_usage'}]"
2026-05-12T16:56:56.503850+00:00,0,[]
2026-05-18T10:35:26.503850+00:00,1,"[{'Id': 'b10c2b5b-15d8-4d75-9f92-e7b545339676', 'CreatedAtTs': '2026-05-18T10:35:26.503850+00:00', 'Type': 'bug'}]"
2026-05-18T11:26:16.503850+00:00,0,[]
2026-05-27T15:14:16.503850+00:00,1,"[{'Id': '390e06a8-70ae-44c2-ae31-5944fa1f7f1e', 'CreatedAtTs': '2026-05-27T15:14:16.503850+00:00', 'Type': 'hardware'}]"
2026-05-27T17:12:22.503850+00:00,0,[]
2026-05-29T01:16:44.503850+00:00,1,"[{'Id': 'e019c33f-ca83-4dcf-9419-097a1e19082c', 'CreatedAtTs': '2026-05-29T01:16:44.503850+00:00', 'Type': 'bug'}]"
2026-05-29T02:00:35.503850+00:00,0,[]
2026-06-01T05:10:33.503850+00:00,1,"[{'Id': '0183ef4e-afea-4fd5-87f5-e28a4fb8b1c3', 'CreatedAtTs': '2026-06-01T05:10:33.503850+00:00', 'Type': 'bad_usage'}]"
2026-06-01T06:40:58.503850+00:00,0,[]
2026-06-07T11:51:39.503850+00:00,1,"[{'Id': '36f7fd3f-6115-4be8-86d5-db46f047c171', 'CreatedAtTs': '2026-06-07T11:51:39.503850+00:00', 'Type': 'bug'}]"
2026-06-07T12:29:25.503850+00:00,0,[]
2026-06-12T23:59:27.503850+00:00,1,"[{'Id': '914e9ef9-e3dd-4510-bdc5-09616c065dc0', 'CreatedAtTs': '2026-06-12T23:59:27.503850+00:00', 'Type': 'hardware'}]"
2026-06-13T01:44:26.503850+00:00,0,[]
2026-06-15T08:54:49.503850+00:00,1,"[{'Id': '03d5301f-5386-4036-8fc6-7e66a33b3f74', 'CreatedAtTs': '2026-06-15T08:54:49.503850+00:00', 'Type': 'bad_usage'}]"
2026-06-15T09:14:04.503850+00:00,0,[]
2026-06-19T00:17:43.503850+00:00,1,"[{'Id': '84d2bd96-188e-4a89-9733-2aa715313830', 'CreatedAtTs': '2026-06-19T00:17:43.503850+00:00', 'Type': 'bug'}]"
2026-06-19T02:01:14.503850+00:00,0,[]
2026-06-22T12:42:49.503850+00:00,1,"[{'Id': 'c29c0b10-4926-44be-8556-8032844157f3', 'CreatedAtTs': '2026-06-22T12:42:49.503850+00:00', 'Type': 'bad_usage'}]"
2026-06-22T12:51:19.503850+00:00,0,[]
2026-06-24T11:29:02.503850+00:00,1,"[{'Id': 'a4d1e084-4c76-4866-9d88-05539d30dd85', 'CreatedAtTs': '2026-06-24T11:29:02.503850+00:00', 'Type': 'hardware'}]"
2026-06-24T12:11:59.503850+00:00,0,[]
2026-07-10T02:58:33.503850+00:00,1,"[{'Id': '7c13f340-98a6-428a-8f3d-44148b41af75', 'CreatedAtTs': '2026-07-10T02:58:33.503850+00:00', 'Type': 'hardware'}]"
2026-07-10T03:43:49.503850+00:00,0,[]
2026-07-14T00:53:02.503850+00:00,1,"[{'Id': 'e7229a99-55cb-4624-acec-d34889f7480d', 'CreatedAtTs': '2026-07-14T00:53:02.503850+00:00', 'Type': 'bug'}]"
2026-07-14T02:46:02.503850+00:00,0,[]
2026-07-18T22:24:10.503850+00:00,1,"[{'Id': '2401369d-c265-492b-8bee-6bb1505fc0a8', 'CreatedAtTs': '2026-07-18T22:24:10.503850+00:00', 'Type': 'bad_usage'}]"
2026-07-18T23:54:23.503850+00:00,0,[]
2026-07-29T20:46:51.503850+00:00,1,"[{'Id': 'e331cba1-30d5-47e5-b5b0-1e535e132413', 'CreatedAtTs': '2026-07-29T20:46:51.503850+00:00', 'Type': 'hardware'}]"
2026-07-29T21:35:23.503850+00:00,0,[]
2026-08-06T16:50:32.503850+00:00,1,"[{'Id': '8cdcb29b-1964-45c7-bc45-b6ebdba0a661', 'CreatedAtTs': '2026-08-06T16:50:32.503850+00:00', 'Type': 'bug'}]"
2026-08-06T17:04:21.503850+00:00,0,[]
2026-08-10T05:58:19.503850+00:00,1,"[{'Id': 'eb805bd5-1f1b-4dae-8cf1-a1b9b129ec92', 'CreatedAtTs': '2026-08-10T05:58:19.503850+00:00', 'Type': 'bad_usage'}]"
2026-08-10T07:36:37.503850+00:00,2,"[{'Id': 'eb805bd5-1f1b-4dae-8cf1-a1b9b129ec92', 'CreatedAtTs': '2026-08-10T05:58:19.503850+00:00', 'Type': 'bad_usage'}, {'Id': 'dca0c10a-ab38-4d01-8127-889c3cea735a', 'CreatedAtTs': '2026-08-10T07:36:37.503850+00:00', 'Type': 'bug'}]"
2026-08-10T07:42:11.503850+00:00,1,"[{'Id': 'eb805bd5-1f1b-4dae-8cf1-a1b9b129ec92', 'CreatedAtTs': '2026-08-10T05:58:19.503850+00:00', 'Type': 'bad_usage'}]"
2026-08-10T08:37:03.503850+00:00,0,[]
2026-08-23T16:53:39.503850+00:00,1,"[{'Id': '6d56606d-e100-42cc-adab-30924dbaeca0', 'CreatedAtTs': '2026-08-23T16:53:39.503850+00:00', 'Type': 'bug'}]"
2026-08-23T18:29:55.503850+00:00,0,[]
2026-08-28T17:48:10.503850+00:00,1,"[{'Id': '8318eb3d-6090-49c8-8033-ee37a1eb9613', 'CreatedAtTs': '2026-08-28T17:48:10.503850+00:00', 'Type': 'bad_usage'}]"
2026-08-28T18:13:18.503850+00:00,0,[]
2026-09-03T18:46:48.503850+00:00,1,"[{'Id': 'c4c7d651-db5f-413a-91e2-35e58cb878fe', 'CreatedAtTs': '2026-09-03T18:46:48.503850+00:00', 'Type': 'bug'}]"
2026-09-03T20:06:01.503850+00:00,0,[]
2026-09-05T13:37:25.503850+00:00,1,"[{'Id': 'c5252d6d-e242-4b44-bb58-43de8ab53fe1', 'CreatedAtTs': '2026-09-05T13:37:25.503850+00:00', 'Type': 'bad_usage'}]"
2026-09-05T14:20:50.503850+00:00,0,[]
2026-09-14T09:30:04.503850+00:00,1,"[{'Id': 'b9a62e79-9ba1-4824-9a87-d355b475d26a', 'CreatedAtTs': '2026-09-14T09:30:04.503850+00:00', 'Type': 'hardware'}]"
2026-09-14T11:07:01.503850+00:00,0,[]
2026-09-19T05:39:10.503850+00:00,1,"[{'Id': 'ad475194-bc5a-43f7-85f6-1038fa083792', 'CreatedAtTs': '2026-09-19T05:39:10.503850+00:00', 'Type': 'bad_usage'}]"
2026-09-19T07:21:57.503850+00:00,0,[]
2026-09-30T23:29:06.503850+00:00,1,"[{'Id': 'd376447e-40eb-47a3-8738-7e6df84b95dc', 'CreatedAtTs': '2026-09-30T23:29:06.503850+00:00', 'Type': 'bad_usage'}]"
2026-10-01T00:38:32.503850+00:00,0,[]
2026-10-05T05:04:42.503850+00:00,1,"[{'Id': '1285226a-de33-421f-b86a-4a086a3a2dc7', 'CreatedAtTs': '2026-10-05T05:04:42.503850+00:00', 'Type': 'bad_usage'}]"
2026-10-05T05:20:21.503850+00:00,2,"[{'Id': '1285226a-de33-421f-b86a-4a086a3a2dc7', 'CreatedAtTs': '2026-10-05T05:04:42.503850+00:00', 'Type': 'bad_usage'}, {'Id': '1243cba4-8a60-42b7-94a9-e42b4630bd98', 'CreatedAtTs': '2026-10-05T05:20:21.503850+00:00', 'Type': 'bad_usage'}]"
2026-10-05T05:49:08.503850+00:00,1,"[{'Id': '1243cba4-8a60-42b7-94a9-e42b4630bd98', 'CreatedAtTs': '2026-10-05T05:20:21.503850+00:00', 'Type': 'bad_usage'}]"
2026-10-05T06:20:43.503850+00:00,2,"[{'Id': '1243cba4-8a60-42b7-94a9-e42b4630bd98', 'CreatedAtTs': '2026-10-05T05:20:21.503850+00:00', 'Type': 'bad_usage'}, {'Id': '940214b9-6292-4f89-8143-ba5a2931ffc6', 'CreatedAtTs': '2026-10-05T06:20:43.503850+00:00', 'Type': 'bad_usage'}]"
2026-10-05T07:46:57.503850+00:00,3,"[{'Id': '1243cba4-8a60-42b7-94a9-e42b4630bd98', 'CreatedAtTs': '2026-10-05T05:20:21.503850+00:00', 'Type': 'bad_usage'}, {'Id': '940214b9-6292-4f89-8143-ba5a2931ffc6', 'CreatedAtTs': '2026-10-05T06:20:43.503850+00:00', 'Type': 'bad_usage'}, {'Id': 'fb056b0a-33ca-437a-950c-2faa899138bc', 'CreatedAtTs': '2026-10-05T07:46:57.503850+00:00', 'Type': 'hardware'}]"
2026-10-05T09:42:06.503850+00:00,2,"[{'Id': '1243cba4-8a60-42b7-94a9-e42b4630bd98', 'CreatedAtTs': '2026-10-05T05:20:21.503850+00:00', 'Type': 'bad_usage'}, {'Id': '940214b9-6292-4f89-8143-ba5a2931ffc6', 'CreatedAtTs': '2026-10-05T06:20:43.503850+00:00', 'Type': 'bad_usage'}]"
2026-10-05T10:43:26.503850+00:00,3,"[{'Id': '1243cba4-8a60-42b7-94a9-e42b4630bd98', 'CreatedAtTs': '2026-10-05T05:20:21.503850+00:00', 'Type': 'bad_usage'}, {'Id': '940214b9-6292-4f89-8143-ba5a2931ffc6', 'CreatedAtTs': '2026-10-05T06:20:43.503850+00:00', 'Type': 'bad_usage'}, {'Id': '3de0b233-01d4-4f2c-98ae-9b910158de6b', 'CreatedAtTs': '2026-10-05T10:43:26.503850+00:00', 'Type': 'hardware'}]"
2026-10-05T11:31:41.503850+00:00,2,"[{'Id': '940214b9-6292-4f89-8143-ba5a2931ffc6', 'CreatedAtTs': '2026-10-05T06:20:43.503850+00:00', 'Type': 'bad_usage'}, {'Id': '3de0b233-01d4-4f2c-98ae-9b910158de6b', 'CreatedAtTs': '2026-10-05T10:43:26.503850+00:00', 'Type': 'hardware'}]"
2026-10-05T12:40:23.503850+00:00,1,"[{'Id': '940214b9-6292-4f89-8143-ba5a2931ffc6', 'CreatedAtTs': '2026-10-05T06:20:43.503850+00:00', 'Type': 'bad_usage'}]"
2026-10-05T12:57:44.503850+00:00,0,[]
2026-10-05T14:13:39.503850+00:00,1,"[{'Id': '6a943308-8cba-4564-8266-d937384a9e86', 'CreatedAtTs': '2026-10-05T14:13:39.503850+00:00', 'Type': 'bad_usage'}]"
2026-10-05T14:51:34.503850+00:00,2,"[{'Id': '6a943308-8cba-4564-8266-d937384a9e86', 'CreatedAtTs': '2026-10-05T14:13:39.503850+00:00', 'Type': 'bad_usage'}, {'Id': 'a63eed5c-94b1-4e14-9b42-58fa3e06a05c', 'CreatedAtTs': '2026-10-05T14:51:34.503850+00:00', 'Type': 'hardware'}]"
2026-10-05T15:15:29.503850+00:00,1,"[{'Id': 'a63eed5c-94b1-4e14-9b42-58fa3e06a05c', 'CreatedAtTs': '2026-10-05T14:51:34.503850+00:00', 'Type': 'hardware'}]"
2026-10-05T17:02:56.503850+00:00,0,[]
2026-10-07T06:57:02.503850+00:00,1,"[{'Id': '1085cbe1-2da0-4c86-a3bf-e407c0de0ec4', 'CreatedAtTs': '2026-10-07T06:57:02.503850+00:00', 'Type': 'bug'}]"
2026-10-07T07:18:41.503850+00:00,0,[]
2026-10-08T12:05:09.503850+00:00,1,"[{'Id': 'de844949-16b7-4279-beff-40b301f6b6cc', 'CreatedAtTs': '2026-10-08T12:05:09.503850+00:00', 'Type': 'bad_usage'}]"
2026-10-08T13:45:25.503850+00:00,0,[]
2026-10-09T07:47:10.503850+00:00,1,"[{'Id': '62b93771-a16c-4b87-b5ec-f1d5cb0ddfb7', 'CreatedAtTs': '2026-10-09T07:47:10.503850+00:00', 'Type': 'bad_usage'}]"
2026-10-09T08:04:32.503850+00:00,2,"[{'Id': '62b93771-a16c-4b87-b5ec-f1d5cb0ddfb7', 'CreatedAtTs': '2026-10-09T07:47:10.503850+00:00', 'Type': 'bad_usage'}, {'Id': '7b921584-f646-41e8-beb3-4a03c5da82f2', 'CreatedAtTs': '2026-10-09T08:04:32.503850+00:00', 'Type': 'bad_usage'}]"
2026-10-09T08:11:29.503850+00:00,3,"[{'Id': '62b93771-a16c-4b87-b5ec-f1d5cb0ddfb7', 'CreatedAtTs': '2026-10-09T07:47:10.503850+00:00', 'Type': 'bad_usage'}, {'Id': '7b921584-f646-41e8-beb3-4a03c5da82f2', 'CreatedAtTs': '2026-10-09T08:04:32.503850+00:00', 'Type': 'bad_usage'}, {'Id': '34423b75-b89c-4c0e-b2db-4103490dd707', 'CreatedAtTs': '2026-10-09T08:11:29.503850+00:00', 'Type': 'bug'}]"
2026-10-09T08:28:23.503850+00:00,2,"[{'Id': '62b93771-a16c-4b87-b5ec-f1d5cb0ddfb7', 'CreatedAtTs': '2026-10-09T07:47:10.503850+00:00', 'Type': 'bad_usage'}, {'Id': '7b921584-f646-41e8-beb3-4a03c5da82f2', 'CreatedAtTs': '2026-10-09T08:04:32.503850+00:00', 'Type': 'bad_usage'}]"
2026-10-09T08:33:46.503850+00:00,3,"[{'Id': '62b93771-a16c-4b87-b5ec-f1d5cb0ddfb7', 'CreatedAtTs': '2026-10-09T07:47:10.503850+00:00', 'Type': 'bad_usage'}, {'Id': '7b921584-f646-41e8-beb3-4a03c5da82f2', 'CreatedAtTs': '2026-10-09T08:04:32.503850+00:00', 'Type': 'bad_usage'}, {'Id': '964040b6-cec6-4803-956d-9be28b180d81', 'CreatedAtTs': '2026-10-09T08:33:46.503850+00:00', 'Type': 'bad_usage'}]"
2026-10-09T09:07:22.503850+00:00,2,"[{'Id': '7b921584-f646-41e8-beb3-4a03c5da82f2', 'CreatedAtTs': '2026-10-09T08:04:32.503850+00:00', 'Type': 'bad_usage'}, {'Id': '964040b6-cec6-4803-956d-9be28b180d81', 'CreatedAtTs': '2026-10-09T08:33:46.503850+00:00', 'Type': 'bad_usage'}]"
2026-10-09T09:34:51.503850+00:00,1,"[{'Id': '7b921584-f646-41e8-beb3-4a03c5da82f2', 'CreatedAtTs': '2026-10-09T08:04:32.503850+00:00', 'Type': 'bad_usage'}]"
2026-10-09T09:42:12.503850+00:00,0,[]
2026-10-16T02:17:30.503850+00:00,1,"[{'Id': 'f55335c7-6ecb-482f-9d15-67c51c4730dc', 'CreatedAtTs': '2026-10-16T02:17:30.503850+00:00', 'Type': 'hardware'}]"
2026-10-16T03:33:50.503850+00:00,2,"[{'Id': 'f55335c7-6ecb-482f-9d15-67c51c4730dc', 'CreatedAtTs': '2026-10-16T02:17:30.503850+00:00', 'Type': 'hardware'}, {'Id': '8f25679b-0620-4441-a29d-9cc929cee146', 'CreatedAtTs': '2026-10-16T03:33:50.503850+00:00', 'Type': 'bad_usage'}]"
2026-10-16T05:09:07.503850+00:00,1,"[{'Id': 'f55335c7-6ecb-482f-9d15-67c51c4730dc', 'CreatedAtTs': '2026-10-16T02:17:30.503850+00:00', 'Type': 'hardware'}]"
2026-10-16T05:19:22.503850+00:00,0,[]
2026-10-24T15:48:27.503850+00:00,1,"[{'Id': 'bfd8a4b2-d04f-4ac1-9a2c-af212d068e9c', 'CreatedAtTs': '2026-10-24T15:48:27.503850+00:00', 'Type': 'hardware'}]"
2026-10-24T16:48:06.503850+00:00,0,[]
2026-10-25T12:34:59.503850+00:00,1,"[{'Id': '4566a1e5-327b-4eee-ba98-fd7e3b7e89f6', 'CreatedAtTs': '2026-10-25T12:34:59.503850+00:00', 'Type': 'hardware'}]"
2026-10-25T14:19:12.503850+00:00,0,[]
2026-11-06T01:22:38.503850+00:00,1,"[{'Id': '8b215b87-6940-432f-9b9d-f8712918506a', 'CreatedAtTs': '2026-11-06T01:22:38.503850+00:00', 'Type': 'bug'}]"
2026-11-06T03:08:40.503850+00:00,0,[]
2026-11-07T08:25:39.503850+00:00,1,"[{'Id': 'cad1034a-b1a1-4d93-8edc-5786eaeac451', 'CreatedAtTs': '2026-11-07T08:25:39.503850+00:00', 'Type': 'hardware'}]"
2026-11-07T09:27:34.503850+00:00,0,[]
2026-11-14T02:56:21.503850+00:00,1,"[{'Id': '29218f0f-c925-4a33-9832-9409f055052b', 'CreatedAtTs': '2026-11-14T02:56:21.503850+00:00', 'Type': 'bad_usage'}]"
2026-11-14T04:20:42.503850+00:00,0,[]
2026-11-15T08:20:02.503850+00:00,1,"[{'Id': '546bef17-a95c-4476-b5a0-6327829be6f4', 'CreatedAtTs': '2026-11-15T08:20:02.503850+00:00', 'Type': 'hardware'}]"
2026-11-15T08:48:53.503850+00:00,0,[]
2026-11-19T02:45:42.503850+00:00,1,"[{'Id': 'e789c08c-6436-4e9f-a2c5-b748be534e7d', 'CreatedAtTs': '2026-11-19T02:45:42.503850+00:00', 'Type': 'bad_usage'}]"
2026-11-19T04:44:17.503850+00:00,0,[]
2026-11-20T12:22:29.503850+00:00,1,"[{'Id': '20bd4c36-ff26-4fb2-831c-43bb7f3b15ee', 'CreatedAtTs': '2026-11-20T12:22:29.503850+00:00', 'Type': 'bug'}]"
2026-11-20T12:42:59.503850+00:00,0,[]
2026-11-22T07:19:21.503850+00:00,1,"[{'Id': '01f86e9a-346c-41e9-b86f-4d0b385f9181', 'CreatedAtTs': '2026-11-22T07:19:21.503850+00:00', 'Type': 'hardware'}]"
2026-11-22T09:02:10.503850+00:00,0,[]
2026-12-04T17:24:20.503850+00:00,1,"[{'Id': '7397ac09-1532-4033-8896-e520d6511ae3', 'CreatedAtTs': '2026-12-04T17:24:20.503850+00:00', 'Type': 'bug'}]"
2026-12-04T17:31:30.503850+00:00,0,[]
2026-12-06T07:51:30.503850+00:00,1,"[{'Id': '47fcbacb-d12b-48b2-983f-aa6389e20fd1', 'CreatedAtTs': '2026-12-06T07:51:30.503850+00:00', 'Type': 'hardware'}]"
2026-12-06T09:12:29.503850+00:00,0,[]
2026-12-06T09:14:39.503850+00:00,1,"[{'Id': 'c1b9e7dd-0d7f-4d5f-ad91-2812b7c2246f', 'CreatedAtTs': '2026-12-06T09:14:39.503850+00:00', 'Type': 'bad_usage'}]"
2026-12-06T11:00:12.503850+00:00,0,[]
2026-12-19T14:51:29.503850+00:00,1,"[{'Id': 'c196d121-8bd6-4c1b-972b-8db7194c5ba3', 'CreatedAtTs': '2026-12-19T14:51:29.503850+00:00', 'Type': 'hardware'}]"
2026-12-19T15:01:50.503850+00:00,0,[]
2026-12-26T06:32:58.503850+00:00,1,"[{'Id': 'eddd5e89-7bfb-4ab7-9cf4-30a759946f31', 'CreatedAtTs': '2026-12-26T06:32:58.503850+00:00', 'Type': 'bug'}]"
2026-12-26T08:32:24.503850+00:00,0,[]
2026-12-29T05:22:56.503850+00:00,1,"[{'Id': '8cae843d-5116-4e22-84fa-7377316e2be5', 'CreatedAtTs': '2026-12-29T05:22:56.503850+00:00', 'Type': 'bad_usage'}]"
2026-12-29T07:01:09.503850+00:00,0,[]
2026-12-31T01:53:35.503850+00:00,1,"[{'Id': '154135cd-99c7-415a-9d5a-eceb4a74af8c', 'CreatedAtTs': '2026-12-31T01:53:35.503850+00:00', 'Type': 'bug'}]"
2026-12-31T02:36:32.503850+00:00,0,[]
2027-01-02T04:17:48.503850+00:00,1,"[{'Id': 'b7611212-5660-4263-b932-ce2a0e963fa8', 'CreatedAtTs': '2027-01-02T04:17:48.503850+00:00', 'Type': 'hardware'}]"
2027-01-02T04:49:09.503850+00:00,0,[]
2027-01-03T15:36:38.503850+00:00,1,"[{'Id': 'a35cd843-1992-4d6e-a68a-f1e98303fddf', 'CreatedAtTs': '2027-01-03T15:36:38.503850+00:00', 'Type': 'hardware'}]"
2027-01-03T16:13:14.503850+00:00,2,"[{'Id': 'a35cd843-1992-4d6e-a68a-f1e98303fddf', 'CreatedAtTs': '2027-01-03T15:36:38.503850+00:00', 'Type': 'hardware'}, {'Id': '502dcff7-4640-4782-90b7-cfdc165c31b2', 'CreatedAtTs': '2027-01-03T16:13:14.503850+00:00', 'Type': 'hardware'}]"
2027-01-03T16:46:43.503850+00:00,1,"[{'Id': '502dcff7-4640-4782-90b7-cfdc165c31b2', 'CreatedAtTs': '2027-01-03T16:13:14.503850+00:00', 'Type': 'hardware'}]"
2027-01-03T18:43:35.503850+00:00,2,"[{'Id': '502dcff7-4640-4782-90b7-cfdc165c31b2', 'CreatedAtTs': '2027-01-03T16:13:14.503850+00:00', 'Type': 'hardware'}, {'Id': '27cd921a-754d-4900-858b-cb7a8606be21', 'CreatedAtTs': '2027-01-03T18:43:35.503850+00:00', 'Type': 'bug'}]"
2027-01-03T20:33:32.503850+00:00,1,"[{'Id': '27cd921a-754d-4900-858b-cb7a8606be21', 'CreatedAtTs': '2027-01-03T18:43:35.503850+00:00', 'Type': 'bug'}]"
2027-01-03T21:58:16.503850+00:00,0,[]
2027-01-09T17:29:26.503850+00:00,1,"[{'Id': '27b55b7e-49d9-47df-a604-d248c3e66f91', 'CreatedAtTs': '2027-01-09T17:29:26.503850+00:00', 'Type': 'bug'}]"
2027-01-09T18:15:39.503850+00:00,0,[]
2027-01-10T01:16:17.503850+00:00,1,"[{'Id': 'cc4eb408-97fe-46ea-9a70-dc3f2a578b08', 'CreatedAtTs': '2027-01-10T01:16:17.503850+00:00', 'Type': 'bad_usage'}]"
2027-01-10T01:30:12.503850+00:00,0,[]
2027-01-15T01:31:03.503850+00:00,1,"[{'Id': '0563ba4a-cfa8-460c-8a99-d31d5bebd22f', 'CreatedAtTs': '2027-01-15T01:31:03.503850+00:00', 'Type': 'hardware'}]"
2027-01-15T03:27:32.503850+00:00,0,[]
2027-01-17T16:24:27.503850+00:00,1,"[{'Id': 'd3afd0a8-47c1-4606-a8e8-14c66be1c21f', 'CreatedAtTs': '2027-01-17T16:24:27.503850+00:00', 'Type': 'bug'}]"
2027-01-17T18:05:40.503850+00:00,0,[]
2027-01-23T11:34:58.503850+00:00,1,"[{'Id': 'e5ebe151-6ed4-408d-bcac-bd2fd42accd3', 'CreatedAtTs': '2027-01-23T11:34:58.503850+00:00', 'Type': 'hardware'}]"
2027-01-23T11:48:56.503850+00:00,0,[]
2027-01-24T08:00:08.503850+00:00,1,"[{'Id': '9cd208b3-ef4a-48d4-99e5-8d5c5a0d0f6c', 'CreatedAtTs': '2027-01-24T08:00:08.503850+00:00', 'Type': 'hardware'}]"
2027-01-24T09:16:41.503850+00:00,0,[]
2027-01-24T18:07:05.503850+00:00,1,"[{'Id': 'fc84d58b-0199-4367-91ed-b588f991407b', 'CreatedAtTs': '2027-01-24T18:07:05.503850+00:00', 'Type': 'hardware'}]"
2027-01-24T19:14:22.503850+00:00,0,[]
2027-02-05T05:38:05.503850+00:00,1,"[{'Id': 'ad0e474d-5045-4660-b92f-ac006f000cfa', 'CreatedAtTs': '2027-02-05T05:38:05.503850+00:00', 'Type': 'hardware'}]"
2027-02-05T06:56:51.503850+00:00,0,[]
2027-02-08T04:25:23.503850+00:00,1,"[{'Id': '26e1d7f3-b902-4502-a36e-d02f628fd322', 'CreatedAtTs': '2027-02-08T04:25:23.503850+00:00', 'Type': 'bad_usage'}]"
2027-02-08T05:40:53.503850+00:00,0,[]
2027-02-10T22:37:00.503850+00:00,1,"[{'Id': '43e878c4-a351-4db0-8f97-a9c36cfe9bde', 'CreatedAtTs': '2027-02-10T22:37:00.503850+00:00', 'Type': 'bad_usage'}]"
2027-02-10T22:41:48.503850+00:00,0,[]
2027-02-11T01:56:14.503850+00:00,1,"[{'Id': 'db71a2a8-4bc7-448b-a76f-5811b6281820', 'CreatedAtTs': '2027-02-11T01:56:14.503850+00:00', 'Type': 'bug'}]"
2027-02-11T03:29:50.503850+00:00,0,[]
2027-02-24T08:13:37.503850+00:00,1,"[{'Id': '294f2ba4-6510-42d9-a6dc-a792d72848dc', 'CreatedAtTs': '2027-02-24T08:13:37.503850+00:00', 'Type': 'bug'}]"
2027-02-24T09:41:13.503850+00:00,2,"[{'Id': '294f2ba4-6510-42d9-a6dc-a792d72848dc', 'CreatedAtTs': '2027-02-24T08:13:37.503850+00:00', 'Type': 'bug'}, {'Id': 'fff20d85-3c35-44c3-9f66-9c55c4abfc2e', 'CreatedAtTs': '2027-02-24T09:41:13.503850+00:00', 'Type': 'bug'}]"
2027-02-24T11:21:43.503850+00:00,1,"[{'Id': 'fff20d85-3c35-44c3-9f66-9c55c4abfc2e', 'CreatedAtTs': '2027-02-24T09:41:13.503850+00:00', 'Type': 'bug'}]"
2027-02-24T12:58:03.503850+00:00,0,[]
2027-02-25T05:22:48.503850+00:00,1,"[{'Id': '92379f57-9bfd-4183-8f7f-4bf4e47fada4', 'CreatedAtTs': '2027-02-25T05:22:48.503850+00:00', 'Type': 'hardware'}]"
2027-02-25T07:19:06.503850+00:00,0,[]
2027-03-08T01:08:05.503850+00:00,1,"[{'Id': 'ae39255e-44e9-4883-8fb1-d3b41194fbc3', 'CreatedAtTs': '2027-03-08T01:08:05.503850+00:00', 'Type': 'bug'}]"
2027-03-08T01:44:41.503850+00:00,0,[]
2027-03-09T05:58:16.503850+00:00,1,"[{'Id': '748d7d3c-cfe1-483d-8cb3-af028352b91d', 'CreatedAtTs': '2027-03-09T05:58:16.503850+00:00', 'Type': 'hardware'}]"
2027-03-09T06:37:27.503850+00:00,0,[]
2027-03-12T12:14:45.503850+00:00,1,"[{'Id': 'fd2ecd0e-7c6a-4132-ae6c-95457861bd97', 'CreatedAtTs': '2027-03-12T12:14:45.503850+00:00', 'Type': 'bug'}]"
2027-03-12T13:58:00.503850+00:00,0,[]
2027-03-14T08:03:50.503850+00:00,1,"[{'Id': '3d314b4c-732d-45ca-8e79-f1a2b626d3d0', 'CreatedAtTs': '2027-03-14T08:03:50.503850+00:00', 'Type': 'hardware'}]"
2027-03-14T08:52:29.503850+00:00,0,[]
2027-03-19T04:38:04.503850+00:00,1,"[{'Id': '4fcf2c8f-ba0e-4753-bdd6-f7c6f6b0abca', 'CreatedAtTs': '2027-03-19T04:38:04.503850+00:00', 'Type': 'bug'}]"
2027-03-19T05:01:06.503850+00:00,0,[]
2027-03-27T16:48:45.503850+00:00,1,"[{'Id': '82dbcf78-acb1-464a-9e38-9806e568f7c2', 'CreatedAtTs': '2027-03-27T16:48:45.503850+00:00', 'Type': 'bad_usage'}]"
2027-03-27T18:09:56.503850+00:00,0,[]
2027-03-30T20:28:59.503850+00:00,1,"[{'Id': '972378ce-8092-49cf-a1f3-6cb523053236', 'CreatedAtTs': '2027-03-30T20:28:59.503850+00:00', 'Type': 'bug'}]"
2027-03-30T21:15:19.503850+00:00,0,[]
2027-03-31T15:27:33.503850+00:00,1,"[{'Id': '32b5e277-62d8-41da-9d3b-636d4c46ee84', 'CreatedAtTs': '2027-03-31T15:27:33.503850+00:00', 'Type': 'bad_usage'}]"
2027-03-31T17:17:30.503850+00:00,0,[]
2027-04-02T02:55:10.503850+00:00,1,"[{'Id': '80c736a1-22a5-4bbc-9452-6c906bac778d', 'CreatedAtTs': '2027-04-02T02:55:10.503850+00:00', 'Type': 'hardware'}]"
2027-04-02T03:24:02.503850+00:00,0,[]
2027-04-06T19:31:30.503850+00:00,1,"[{'Id': '7747f6a4-d8cc-4c9f-a89e-fd008ed9239f', 'CreatedAtTs': '2027-04-06T19:31:30.503850+00:00', 'Type': 'bug'}]"
2027-04-06T20:23:43.503850+00:00,0,[]
2027-04-08T14:20:33.503850+00:00,1,"[{'Id': 'c3a62950-d331-480c-b191-22947389aecb', 'CreatedAtTs': '2027-04-08T14:20:33.503850+00:00', 'Type': 'hardware'}]"
2027-04-08T15:01:51.503850+00:00,0,[]
2027-04-09T20:17:44.503850+00:00,1,"[{'Id': '99070250-61d7-4f03-b7fe-475eb03ca014', 'CreatedAtTs': '2027-04-09T20:17:44.503850+00:00', 'Type': 'hardware'}]"
2027-04-09T22:16:20.503850+00:00,0,[]
2027-04-19T08:47:28.503850+00:00,1,"[{'Id': '0424a900-e579-420d-8ae2-0e8f755826b0', 'CreatedAtTs': '2027-04-19T08:47:28.503850+00:00', 'Type': 'bug'}]"
2027-04-19T10:26:42.503850+00:00,0,[]
2027-04-20T13:55:27.503850+00:00,1,"[{'Id': 'a3b36ced-98e2-490b-adf6-a0d7ada6cf8d', 'CreatedAtTs': '2027-04-20T13:55:27.503850+00:00', 'Type': 'bug'}]"
2027-04-20T14:40:01.503850+00:00,0,[]
2027-04-26T00:21:08.503850+00:00,1,"[{'Id': '00f5cbf2-1243-4adb-b4c0-7e77f8506c34', 'CreatedAtTs': '2027-04-26T00:21:08.503850+00:00', 'Type': 'bad_usage'}]"
2027-04-26T01:07:59.503850+00:00,0,[]
2027-04-29T16:49:02.503850+00:00,1,"[{'Id': '6dc82a05-9b68-4f19-9d51-41efb1373b5b', 'CreatedAtTs': '2027-04-29T16:49:02.503850+00:00', 'Type': 'hardware'}]"
2027-04-29T17:33:58.503850+00:00,2,"[{'Id': '6dc82a05-9b68-4f19-9d51-41efb1373b5b', 'CreatedAtTs': '2027-04-29T16:49:02.503850+00:00', 'Type': 'hardware'}, {'Id': '27d0e2d4-d57a-4fcf-a459-6b0365b299d1', 'CreatedAtTs': '2027-04-29T17:33:58.503850+00:00', 'Type': 'hardware'}]"
2027-04-29T17:35:58.503850+00:00,1,"[{'Id': '6dc82a05-9b68-4f19-9d51-41efb1373b5b', 'CreatedAtTs': '2027-04-29T16:49:02.503850+00:00', 'Type': 'hardware'}]"
2027-04-29T19:20:04.503850+00:00,0,[]
2027-05-07T05:53:17.503850+00:00,1,"[{'Id': 'c6a7406e-bf6f-451b-bf3e-4dc892608f31', 'CreatedAtTs': '2027-05-07T05:53:17.503850+00:00', 'Type': 'bug'}]"
2027-05-07T07:14:04.503850+00:00,0,[]
2027-05-10T22:14:12.503850+00:00,1,"[{'Id': '4b351675-1cad-4d10-9da1-4f14dc746eeb', 'CreatedAtTs': '2027-05-10T22:14:12.503850+00:00', 'Type': 'bug'}]"
2027-05-10T23:20:06.503850+00:00,0,[]
2027-05-11T14:19:21.503850+00:00,1,"[{'Id': '437670ff-72cf-4f34-a6e0-9c00f246ab69', 'CreatedAtTs': '2027-05-11T14:19:21.503850+00:00', 'Type': 'bug'}]"
2027-05-11T15:49:01.503850+00:00,0,[]
2027-05-13T09:40:38.503850+00:00,1,"[{'Id': 'bc99ad9d-646c-44d7-89fc-c111392af6ae', 'CreatedAtTs': '2027-05-13T09:40:38.503850+00:00', 'Type': 'bug'}]"
2027-05-13T10:43:38.503850+00:00,0,[]
2027-05-14T07:51:42.503850+00:00,1,"[{'Id': '4440dd35-6a51-4c3c-84a4-965b6c43419d', 'CreatedAtTs': '2027-05-14T07:51:42.503850+00:00', 'Type': 'hardware'}]"
2027-05-14T08:53:19.503850+00:00,0,[]
2027-05-20T16:29:04.503850+00:00,1,"[{'Id': 'd8515a38-ab41-4044-af1f-447a8130be7f', 'CreatedAtTs': '2027-05-20T16:29:04.503850+00:00', 'Type': 'bug'}]"
2027-05-20T18:10:33.503850+00:00,0,[]
2027-05-31T17:25:30.503850+00:00,1,"[{'Id': '7b309dfd-1922-4e61-b5d4-ede61a82093d', 'CreatedAtTs': '2027-05-31T17:25:30.503850+00:00', 'Type': 'bad_usage'}]"
2027-05-31T18:56:46.503850+00:00,0,[]
2027-06-04T12:11:24.503850+00:00,1,"[{'Id': '4e1e6466-2398-4a65-93f8-a2c774e541cb', 'CreatedAtTs': '2027-06-04T12:11:24.503850+00:00', 'Type': 'hardware'}]"
2027-06-04T12:14:57.503850+00:00,0,[]
2027-06-07T06:24:00.503850+00:00,1,"[{'Id': '3a02be68-f9e4-4266-a6cc-5d8d0e19e9a8', 'CreatedAtTs': '2027-06-07T06:24:00.503850+00:00', 'Type': 'hardware'}]"
2027-06-07T08:08:30.503850+00:00,0,[]
2027-06-10T01:50:38.503850+00:00,1,"[{'Id': '2d878083-da46-4e2b-945d-f04154318a51', 'CreatedAtTs': '2027-06-10T01:50:38.503850+00:00', 'Type': 'bug'}]"
2027-06-10T03:41:44.503850+00:00,0,[]
2027-06-25T02:27:16.503850+00:00,1,"[{'Id': 'e62e5375-3111-497c-9399-d6d2cd596834', 'CreatedAtTs': '2027-06-25T02:27:16.503850+00:00', 'Type': 'bad_usage'}]"
2027-06-25T02:33:45.503850+00:00,0,[]
2027-06-25T06:44:47.503850+00:00,1,"[{'Id': '4f940d13-bf96-4a2e-96a4-17a4a4113d2e', 'CreatedAtTs': '2027-06-25T06:44:47.503850+00:00', 'Type': 'bug'}]"
2027-06-25T07:47:07.503850+00:00,0,[]
2027-06-26T10:20:30.503850+00:00,1,"[{'Id': '357633bb-a004-481f-8af1-9e08b92133cf', 'CreatedAtTs': '2027-06-26T10:20:30.503850+00:00', 'Type': 'bug'}]"
2027-06-26T11:14:48.503850+00:00,0,[]
2027-07-02T12:33:55.503850+00:00,1,"[{'Id': '4ff871c2-3f00-432a-b9dc-a54e4b09747b', 'CreatedAtTs': '2027-07-02T12:33:55.503850+00:00', 'Type': 'hardware'}]"
2027-07-02T13:54:59.503850+00:00,0,[]
2027-07-04T07:47:55.503850+00:00,1,"[{'Id': 'a5cda495-5d86-473f-97fc-3fd581ad2941', 'CreatedAtTs': '2027-07-04T07:47:55.503850+00:00', 'Type': 'bug'}]"
2027-07-04T08:54:18.503850+00:00,0,[]
2027-07-15T01:24:42.503850+00:00,1,"[{'Id': 'c52ddffe-e497-4efc-9247-8b2efebf029a', 'CreatedAtTs': '2027-07-15T01:24:42.503850+00:00', 'Type': 'bad_usage'}]"
2027-07-15T03:18:03.503850+00:00,0,[]
2027-07-25T06:16:52.503850+00:00,1,"[{'Id': '94c397c2-4fa0-43b1-a8d5-6c96bf7f0d11', 'CreatedAtTs': '2027-07-25T06:16:52.503850+00:00', 'Type': 'bug'}]"
2027-07-25T07:27:47.503850+00:00,2,"[{'Id': '94c397c2-4fa0-43b1-a8d5-6c96bf7f0d11', 'CreatedAtTs': '2027-07-25T06:16:52.503850+00:00', 'Type': 'bug'}, {'Id': 'f536113b-f87a-4691-9edf-2fb433ffc3d8', 'CreatedAtTs': '2027-07-25T07:27:47.503850+00:00', 'Type': 'hardware'}]"
2027-07-25T08:56:14.503850+00:00,1,"[{'Id': '94c397c2-4fa0-43b1-a8d5-6c96bf7f0d11', 'CreatedAtTs': '2027-07-25T06:16:52.503850+00:00', 'Type': 'bug'}]"
2027-07-25T10:03:51.503850+00:00,0,[]
2027-07-27T22:17:06.503850+00:00,1,"[{'Id': '8aca8298-2e90-4a58-ad40-78016c344038', 'CreatedAtTs': '2027-07-27T22:17:06.503850+00:00', 'Type': 'bad_usage'}]"
2027-07-27T23:50:14.503850+00:00,0,[]
2027-07-29T06:42:18.503850+00:00,1,"[{'Id': '283a8271-f27c-4b54-9d02-ce4899f139c8', 'CreatedAtTs': '2027-07-29T06:42:18.503850+00:00', 'Type': 'bad_usage'}]"
2027-07-29T07:13:42.503850+00:00,0,[]
2027-07-29T07:45:46.503850+00:00,1,"[{'Id': '96cfa5cc-33fe-4996-a7ad-b5ab8616fe6f', 'CreatedAtTs': '2027-07-29T07:45:46.503850+00:00', 'Type': 'bad_usage'}]"
2027-07-29T09:21:34.503850+00:00,0,[]
2027-08-01T16:46:03.503850+00:00,1,"[{'Id': 'c39c6ff5-a921-4e68-95c3-1cd1aa02229c', 'CreatedAtTs': '2027-08-01T16:46:03.503850+00:00', 'Type': 'bug'}]"
2027-08-01T17:18:11.503850+00:00,0,[]
2027-08-01T21:22:23.503850+00:00,1,"[{'Id': 'a57697b4-c061-47b3-8e2d-75825cd3ef8b', 'CreatedAtTs': '2027-08-01T21:22:23.503850+00:00', 'Type': 'bad_usage'}]"
2027-08-01T21:52:25.503850+00:00,0,[]
2027-08-08T22:50:29.503850+00:00,1,"[{'Id': '2787f5f9-1eff-4fbb-baac-87208b617775', 'CreatedAtTs': '2027-08-08T22:50:29.503850+00:00', 'Type': 'bug'}]"
2027-08-08T23:30:28.503850+00:00,2,"[{'Id': '2787f5f9-1eff-4fbb-baac-87208b617775', 'CreatedAtTs': '2027-08-08T22:50:29.503850+00:00', 'Type': 'bug'}, {'Id': '11553eda-8b61-4a98-b8c6-cddb8ada30ec', 'CreatedAtTs': '2027-08-08T23:30:28.503850+00:00', 'Type': 'bad_usage'}]"
2027-08-09T00:52:20.503850+00:00,1,"[{'Id': '2787f5f9-1eff-4fbb-baac-87208b617775', 'CreatedAtTs': '2027-08-08T22:50:29.503850+00:00', 'Type': 'bug'}]"
2027-08-09T01:07:34.503850+00:00,0,[]
2027-08-11T22:41:17.503850+00:00,1,"[{'Id': '45e62ece-35e7-4605-a891-9625cc4fe977', 'CreatedAtTs': '2027-08-11T22:41:17.503850+00:00', 'Type': 'bad_usage'}]"
2027-08-12T00:36:11.503850+00:00,0,[]
2027-08-14T08:22:29.503850+00:00,1,"[{'Id': 'a84e870f-61b1-47b6-a949-d04e999c07a0', 'CreatedAtTs': '2027-08-14T08:22:29.503850+00:00', 'Type': 'bug'}]"
2027-08-14T09:16:17.503850+00:00,0,[]
2027-08-18T10:28:33.503850+00:00,1,"[{'Id': 'f174ee2c-99ec-477e-bb09-d3489d10a306', 'CreatedAtTs': '2027-08-18T10:28:33.503850+00:00', 'Type': 'bad_usage'}]"
2027-08-18T11:29:04.503850+00:00,0,[]
2027-08-19T12:11:23.503850+00:00,1,"[{'Id': 'f3f8b4a4-6209-48c1-bd22-30bda8ca449a', 'CreatedAtTs': '2027-08-19T12:11:23.503850+00:00', 'Type': 'hardware'}]"
2027-08-19T13:08:42.503850+00:00,0,[]
2027-08-26T05:22:55.503850+00:00,1,"[{'Id': 'd56c8a4a-d4fe-4be9-b406-79761dc87435', 'CreatedAtTs': '2027-08-26T05:22:55.503850+00:00', 'Type': 'bad_usage'}]"
2027-08-26T07:11:17.503850+00:00,2,"[{'Id': 'd56c8a4a-d4fe-4be9-b406-79761dc87435', 'CreatedAtTs': '2027-08-26T05:22:55.503850+00:00', 'Type': 'bad_usage'}, {'Id': '483fad32-5753-4d16-a056-30ad97582c96', 'CreatedAtTs': '2027-08-26T07:11:17.503850+00:00', 'Type': 'hardware'}]"
2027-08-26T07:39:49.503850+00:00,1,"[{'Id': 'd56c8a4a-d4fe-4be9-b406-79761dc87435', 'CreatedAtTs': '2027-08-26T05:22:55.503850+00:00', 'Type': 'bad_usage'}]"
2027-08-26T07:48:52.503850+00:00,0,[]
2027-08-28T12:24:38.503850+00:00,1,"[{'Id': 'fe8a32a6-19eb-471d-a507-5377db3f9c67', 'CreatedAtTs': '2027-08-28T12:24:38.503850+00:00', 'Type': 'bad_usage'}]"
2027-08-28T14:20:23.503850+00:00,0,[]
2027-08-31T01:22:54.503850+00:00,1,"[{'Id': '5e20707b-05da-401b-b999-5a74e58a7790', 'CreatedAtTs': '2027-08-31T01:22:54.503850+00:00', 'Type': 'bug'}]"
2027-08-31T02:15:36.503850+00:00,0,[]
2027-08-31T22:32:22.503850+00:00,1,"[{'Id': 'b0a02a61-9d34-4fbf-a3df-c06ad1c87e58', 'CreatedAtTs': '2027-08-31T22:32:22.503850+00:00', 'Type': 'bad_usage'}]"
2027-08-31T22:53:30.503850+00:00,0,[]
2027-09-13T00:29:03.503850+00:00,1,"[{'Id': 'a8732edb-9333-4a73-b465-79cf190ab06a', 'CreatedAtTs': '2027-09-13T00:29:03.503850+00:00', 'Type': 'hardware'}]"
2027-09-13T01:31:00.503850+00:00,2,"[{'Id': 'a8732edb-9333-4a73-b465-79cf190ab06a', 'CreatedAtTs': '2027-09-13T00:29:03.503850+00:00', 'Type': 'hardware'}, {'Id': '09f8f555-05c4-4f63-a56b-f19217ec0275', 'CreatedAtTs': '2027-09-13T01:31:00.503850+00:00', 'Type': 'bug'}]"
2027-09-13T02:16:35.503850+00:00,1,"[{'Id': '09f8f555-05c4-4f63-a56b-f19217ec0275', 'CreatedAtTs': '2027-09-13T01:31:00.503850+00:00', 'Type': 'bug'}]"
2027-09-13T03:07:15.503850+00:00,0,[]
2027-09-14T09:53:46.503850+00:00,1,"[{'Id': 'dc2b8dea-d0a3-46d0-978e-2f8697733d62', 'CreatedAtTs': '2027-09-14T09:53:46.503850+00:00', 'Type': 'bug'}]"
2027-09-14T10:30:38.503850+00:00,0,[]
2027-09-19T23:46:23.503850+00:00,1,"[{'Id': 'bc9948ea-2b38-40f0-a900-682d358db90e', 'CreatedAtTs': '2027-09-19T23:46:23.503850+00:00', 'Type': 'hardware'}]"
2027-09-19T23:57:24.503850+00:00,0,[]
2027-09-20T12:12:52.503850+00:00,1,"[{'Id': 'd1e38c24-3c27-416c-9928-57b5f1dd4657', 'CreatedAtTs': '2027-09-20T12:12:52.503850+00:00', 'Type': 'bug'}]"
2027-09-20T13:39:55.503850+00:00,2,"[{'Id': 'd1e38c24-3c27-416c-9928-57b5f1dd4657', 'CreatedAtTs': '2027-09-20T12:12:52.503850+00:00', 'Type': 'bug'}, {'Id': '6379ee45-f59f-4f77-ae39-e9b939cf74ab', 'CreatedAtTs': '2027-09-20T13:39:55.503850+00:00', 'Type': 'bad_usage'}]"
